,defect_type,roc_auc
0,bottle,1.0
1,cable,0.9473388305847077
2,capsule,0.899880335061827
3,carpet,0.9434189406099518
4,grid,0.9841269841269841
5,hazelnut,0.9882142857142857
6,leather,1.0
7,metal_nut,0.9599217986314761
8,pill,0.917075831969449
9,screw,0.8231194916991186
10,tile,0.9953102453102454
11,toothbrush,0.9777777777777777
12,transistor,0.93625
13,wood,0.9912280701754386
14,zipper,0.9992121848739496
